classifier,num_bands,OA,AA,Kappa,classifier_time_sec,selected_bands,experiment,run,train_time_sec,model_size_mb
rf,20,0.8424390243902439,0.8117829053920647,0.8190116612633022,4.92336368560791,"[0, 6, 34, 36, 40, 41, 60, 70, 86, 91, 94, 102, 107, 116, 134, 140, 143, 149, 153, 180]",exp13,1,16.30162525177002,53.904
svc,20,0.8453658536585366,0.8807525077308845,0.8246233794833238,2.6408255100250244,"[0, 6, 34, 36, 40, 41, 60, 70, 86, 91, 94, 102, 107, 116, 134, 140, 143, 149, 153, 180]",exp13,1,16.30162525177002,53.904
knn,20,0.6926829268292682,0.5729748259347666,0.6470313326309489,0.12967395782470703,"[0, 6, 34, 36, 40, 41, 60, 70, 86, 91, 94, 102, 107, 116, 134, 140, 143, 149, 153, 180]",exp13,1,16.30162525177002,53.904
rf,25,0.8507317073170731,0.8115663726385494,0.8285519375844873,5.933563232421875,"[0, 6, 29, 34, 36, 40, 41, 60, 66, 70, 86, 88, 91, 92, 94, 102, 107, 116, 134, 140, 143, 149, 153, 180, 199]",exp13,1,16.30162525177002,53.904
svc,25,0.8419512195121951,0.8504105130872183,0.8203056751428532,3.0304336547851562,"[0, 6, 29, 34, 36, 40, 41, 60, 66, 70, 86, 88, 91, 92, 94, 102, 107, 116, 134, 140, 143, 149, 153, 180, 199]",exp13,1,16.30162525177002,53.904
knn,25,0.6673170731707317,0.5455664679899828,0.6177936845880723,0.14086246490478516,"[0, 6, 29, 34, 36, 40, 41, 60, 66, 70, 86, 88, 91, 92, 94, 102, 107, 116, 134, 140, 143, 149, 153, 180, 199]",exp13,1,16.30162525177002,53.904
rf,30,0.8604878048780488,0.8088036380749911,0.839877079781798,5.898443698883057,"[0, 6, 11, 25, 29, 34, 36, 40, 41, 60, 66, 70, 86, 88, 91, 92, 94, 102, 107, 116, 128, 134, 140, 143, 145, 149, 153, 156, 180, 199]",exp13,1,16.30162525177002,53.904
svc,30,0.8580487804878049,0.8682475251926614,0.8385307284238699,2.875044345855713,"[0, 6, 11, 25, 29, 34, 36, 40, 41, 60, 66, 70, 86, 88, 91, 92, 94, 102, 107, 116, 128, 134, 140, 143, 145, 149, 153, 156, 180, 199]",exp13,1,16.30162525177002,53.904
knn,30,0.6902439024390243,0.5872349562003316,0.6438905237264521,0.1651766300201416,"[0, 6, 11, 25, 29, 34, 36, 40, 41, 60, 66, 70, 86, 88, 91, 92, 94, 102, 107, 116, 128, 134, 140, 143, 145, 149, 153, 156, 180, 199]",exp13,1,16.30162525177002,53.904
